{
    "info_experimento": {
        "n_components_pca": 75,
        "metrica_otimizacao_svm": "f1_macro"
    },
    "melhores_hiperparametros": {
        "C": 10,
        "gamma": 0.0001,
        "kernel": "rbf"
    },
    "score_validacao_cruzada": 0.9434052059052058,
    "relatorio_teste_final": {
        "1": {
            "precision": 0.7142857142857143,
            "recall": 1.0,
            "f1-score": 0.8333333333333334,
            "support": 5.0
        },
        "2": {
            "precision": 1.0,
            "recall": 1.0,
            "f1-score": 1.0,
            "support": 5.0
        },
        "3": {
            "precision": 0.8,
            "recall": 1.0,
            "f1-score": 0.8888888888888888,
            "support": 4.0
        },
        "4": {
            "precision": 1.0,
            "recall": 1.0,
            "f1-score": 1.0,
            "support": 5.0
        },
        "6": {
            "precision": 1.0,
            "recall": 0.8,
            "f1-score": 0.8888888888888888,
            "support": 5.0
        },
        "7": {
            "precision": 1.0,
            "recall": 1.0,
            "f1-score": 1.0,
            "support": 5.0
        },
        "9": {
            "precision": 1.0,
            "recall": 1.0,
            "f1-score": 1.0,
            "support": 5.0
        },
        "10": {
            "precision": 1.0,
            "recall": 1.0,
            "f1-score": 1.0,
            "support": 5.0
        },
        "12": {
            "precision": 1.0,
            "recall": 1.0,
            "f1-score": 1.0,
            "support": 5.0
        },
        "13": {
            "precision": 1.0,
            "recall": 0.8,
            "f1-score": 0.8888888888888888,
            "support": 5.0
        },
        "14": {
            "precision": 1.0,
            "recall": 1.0,
            "f1-score": 1.0,
            "support": 5.0
        },
        "15": {
            "precision": 1.0,
            "recall": 1.0,
            "f1-score": 1.0,
            "support": 5.0
        },
        "17": {
            "precision": 0.8333333333333334,
            "recall": 1.0,
            "f1-score": 0.9090909090909091,
            "support": 5.0
        },
        "19": {
            "precision": 1.0,
            "recall": 1.0,
            "f1-score": 1.0,
            "support": 4.0
        },
        "20": {
            "precision": 0.7142857142857143,
            "recall": 0.8333333333333334,
            "f1-score": 0.7692307692307693,
            "support": 6.0
        },
        "21": {
            "precision": 1.0,
            "recall": 0.8,
            "f1-score": 0.8888888888888888,
            "support": 5.0
        },
        "23": {
            "precision": 1.0,
            "recall": 1.0,
            "f1-score": 1.0,
            "support": 5.0
        },
        "24": {
            "precision": 1.0,
            "recall": 1.0,
            "f1-score": 1.0,
            "support": 5.0
        },
        "27": {
            "precision": 1.0,
            "recall": 1.0,
            "f1-score": 1.0,
            "support": 5.0
        },
        "28": {
            "precision": 1.0,
            "recall": 1.0,
            "f1-score": 1.0,
            "support": 5.0
        },
        "29": {
            "precision": 1.0,
            "recall": 0.6,
            "f1-score": 0.75,
            "support": 5.0
        },
        "31": {
            "precision": 1.0,
            "recall": 1.0,
            "f1-score": 1.0,
            "support": 5.0
        },
        "32": {
            "precision": 1.0,
            "recall": 1.0,
            "f1-score": 1.0,
            "support": 5.0
        },
        "34": {
            "precision": 1.0,
            "recall": 1.0,
            "f1-score": 1.0,
            "support": 5.0
        },
        "35": {
            "precision": 1.0,
            "recall": 1.0,
            "f1-score": 1.0,
            "support": 5.0
        },
        "36": {
            "precision": 1.0,
            "recall": 1.0,
            "f1-score": 1.0,
            "support": 5.0
        },
        "accuracy": 0.9534883720930233,
        "macro avg": {
            "precision": 0.9639194139194139,
            "recall": 0.9551282051282052,
            "f1-score": 0.9545080987388679,
            "support": 129.0
        },
        "weighted avg": {
            "precision": 0.9629752676264304,
            "recall": 0.9534883720930233,
            "f1-score": 0.9532278660185637,
            "support": 129.0
        }
    },
    "top_5_accuracy": 0.9844961240310077,
    "top_3_accuracy": 0.9689922480620154
}