{
    "info_experimento": {
        "n_components_pca": 160,
        "metrica_otimizacao_svm": "recall_macro"
    },
    "melhores_hiperparametros": {
        "C": 5,
        "gamma": 5e-05,
        "kernel": "rbf"
    },
    "score_validacao_cruzada": 0.8782051282051281,
    "relatorio_teste_final": {
        "1": {
            "precision": 0.4444444444444444,
            "recall": 0.8,
            "f1-score": 0.5714285714285714,
            "support": 5.0
        },
        "2": {
            "precision": 1.0,
            "recall": 1.0,
            "f1-score": 1.0,
            "support": 5.0
        },
        "3": {
            "precision": 1.0,
            "recall": 1.0,
            "f1-score": 1.0,
            "support": 4.0
        },
        "4": {
            "precision": 1.0,
            "recall": 1.0,
            "f1-score": 1.0,
            "support": 5.0
        },
        "6": {
            "precision": 0.6666666666666666,
            "recall": 0.8,
            "f1-score": 0.7272727272727273,
            "support": 5.0
        },
        "7": {
            "precision": 0.8,
            "recall": 0.8,
            "f1-score": 0.8,
            "support": 5.0
        },
        "9": {
            "precision": 1.0,
            "recall": 0.8,
            "f1-score": 0.8888888888888888,
            "support": 5.0
        },
        "10": {
            "precision": 0.8333333333333334,
            "recall": 1.0,
            "f1-score": 0.9090909090909091,
            "support": 5.0
        },
        "12": {
            "precision": 1.0,
            "recall": 0.8,
            "f1-score": 0.8888888888888888,
            "support": 5.0
        },
        "13": {
            "precision": 1.0,
            "recall": 0.8,
            "f1-score": 0.8888888888888888,
            "support": 5.0
        },
        "14": {
            "precision": 1.0,
            "recall": 1.0,
            "f1-score": 1.0,
            "support": 5.0
        },
        "15": {
            "precision": 1.0,
            "recall": 1.0,
            "f1-score": 1.0,
            "support": 5.0
        },
        "17": {
            "precision": 1.0,
            "recall": 1.0,
            "f1-score": 1.0,
            "support": 5.0
        },
        "19": {
            "precision": 1.0,
            "recall": 1.0,
            "f1-score": 1.0,
            "support": 4.0
        },
        "20": {
            "precision": 0.7142857142857143,
            "recall": 0.8333333333333334,
            "f1-score": 0.7692307692307693,
            "support": 6.0
        },
        "21": {
            "precision": 1.0,
            "recall": 0.8,
            "f1-score": 0.8888888888888888,
            "support": 5.0
        },
        "23": {
            "precision": 1.0,
            "recall": 1.0,
            "f1-score": 1.0,
            "support": 5.0
        },
        "24": {
            "precision": 1.0,
            "recall": 1.0,
            "f1-score": 1.0,
            "support": 5.0
        },
        "27": {
            "precision": 1.0,
            "recall": 1.0,
            "f1-score": 1.0,
            "support": 5.0
        },
        "28": {
            "precision": 1.0,
            "recall": 1.0,
            "f1-score": 1.0,
            "support": 5.0
        },
        "29": {
            "precision": 1.0,
            "recall": 0.8,
            "f1-score": 0.8888888888888888,
            "support": 5.0
        },
        "31": {
            "precision": 1.0,
            "recall": 1.0,
            "f1-score": 1.0,
            "support": 5.0
        },
        "32": {
            "precision": 1.0,
            "recall": 1.0,
            "f1-score": 1.0,
            "support": 5.0
        },
        "34": {
            "precision": 1.0,
            "recall": 0.8,
            "f1-score": 0.8888888888888888,
            "support": 5.0
        },
        "35": {
            "precision": 1.0,
            "recall": 1.0,
            "f1-score": 1.0,
            "support": 5.0
        },
        "36": {
            "precision": 1.0,
            "recall": 0.8,
            "f1-score": 0.8888888888888888,
            "support": 5.0
        },
        "accuracy": 0.9147286821705426,
        "macro avg": {
            "precision": 0.9407203907203907,
            "recall": 0.9166666666666666,
            "f1-score": 0.9230478922786615,
            "support": 129.0
        },
        "weighted avg": {
            "precision": 0.9380460194413682,
            "recall": 0.9147286821705426,
            "f1-score": 0.9206624555461764,
            "support": 129.0
        }
    },
    "top_5_accuracy": 0.9767441860465116,
    "top_3_accuracy": 0.9534883720930233
}