{
    "info_experimento": {
        "n_components_pca": 200,
        "metrica_otimizacao_svm": "precision_macro"
    },
    "melhores_hiperparametros": {
        "C": 5,
        "gamma": 0.0001,
        "kernel": "rbf"
    },
    "score_validacao_cruzada": 0.9091241008237615,
    "relatorio_teste_final": {
        "1": {
            "precision": 0.2857142857142857,
            "recall": 0.8,
            "f1-score": 0.42105263157894735,
            "support": 5.0
        },
        "2": {
            "precision": 1.0,
            "recall": 1.0,
            "f1-score": 1.0,
            "support": 5.0
        },
        "3": {
            "precision": 0.8,
            "recall": 1.0,
            "f1-score": 0.8888888888888888,
            "support": 4.0
        },
        "4": {
            "precision": 1.0,
            "recall": 0.8,
            "f1-score": 0.8888888888888888,
            "support": 5.0
        },
        "6": {
            "precision": 0.8,
            "recall": 0.8,
            "f1-score": 0.8,
            "support": 5.0
        },
        "7": {
            "precision": 1.0,
            "recall": 0.6,
            "f1-score": 0.75,
            "support": 5.0
        },
        "9": {
            "precision": 1.0,
            "recall": 0.8,
            "f1-score": 0.8888888888888888,
            "support": 5.0
        },
        "10": {
            "precision": 0.5,
            "recall": 0.8,
            "f1-score": 0.6153846153846154,
            "support": 5.0
        },
        "12": {
            "precision": 1.0,
            "recall": 0.2,
            "f1-score": 0.3333333333333333,
            "support": 5.0
        },
        "13": {
            "precision": 1.0,
            "recall": 0.8,
            "f1-score": 0.8888888888888888,
            "support": 5.0
        },
        "14": {
            "precision": 1.0,
            "recall": 1.0,
            "f1-score": 1.0,
            "support": 5.0
        },
        "15": {
            "precision": 1.0,
            "recall": 1.0,
            "f1-score": 1.0,
            "support": 5.0
        },
        "17": {
            "precision": 1.0,
            "recall": 1.0,
            "f1-score": 1.0,
            "support": 5.0
        },
        "19": {
            "precision": 1.0,
            "recall": 1.0,
            "f1-score": 1.0,
            "support": 4.0
        },
        "20": {
            "precision": 0.5714285714285714,
            "recall": 0.6666666666666666,
            "f1-score": 0.6153846153846154,
            "support": 6.0
        },
        "21": {
            "precision": 1.0,
            "recall": 0.4,
            "f1-score": 0.5714285714285714,
            "support": 5.0
        },
        "23": {
            "precision": 1.0,
            "recall": 1.0,
            "f1-score": 1.0,
            "support": 5.0
        },
        "24": {
            "precision": 1.0,
            "recall": 1.0,
            "f1-score": 1.0,
            "support": 5.0
        },
        "27": {
            "precision": 1.0,
            "recall": 1.0,
            "f1-score": 1.0,
            "support": 5.0
        },
        "28": {
            "precision": 1.0,
            "recall": 1.0,
            "f1-score": 1.0,
            "support": 5.0
        },
        "29": {
            "precision": 0.8,
            "recall": 0.8,
            "f1-score": 0.8,
            "support": 5.0
        },
        "31": {
            "precision": 1.0,
            "recall": 1.0,
            "f1-score": 1.0,
            "support": 5.0
        },
        "32": {
            "precision": 1.0,
            "recall": 1.0,
            "f1-score": 1.0,
            "support": 5.0
        },
        "34": {
            "precision": 1.0,
            "recall": 0.8,
            "f1-score": 0.8888888888888888,
            "support": 5.0
        },
        "35": {
            "precision": 1.0,
            "recall": 1.0,
            "f1-score": 1.0,
            "support": 5.0
        },
        "36": {
            "precision": 1.0,
            "recall": 0.8,
            "f1-score": 0.8888888888888888,
            "support": 5.0
        },
        "accuracy": 0.8449612403100775,
        "macro avg": {
            "precision": 0.9137362637362637,
            "recall": 0.8487179487179487,
            "f1-score": 0.8553814269401314,
            "support": 129.0
        },
        "weighted avg": {
            "precision": 0.911295681063123,
            "recall": 0.8449612403100775,
            "f1-score": 0.8521401645636651,
            "support": 129.0
        }
    },
    "top_5_accuracy": 0.9534883720930233,
    "top_3_accuracy": 0.9069767441860465
}